{
  "required": true,
  "compatibilityLevel": "JAVA_8",
  "package": "me.earth.phobos.mixin.mixins",
  "refmap": "mixins.phobos.refmap.json",
  "mixins": [
    "MixinAbstractClientPlayer",
    "MixinBlock",
    "MixinBlockFluidRenderer",
    "MixinBlockLiquid",
    "MixinBlockModelRenderer",
    "MixinBlockSoulSand",
    "MixinEntity",
    "MixinEntityLivingBase",
    "MixinEntityPlayer",
    "MixinEntityPlayerSP",
    "MixinEntityRenderer",
    "MixinFontRenderer",
    "MixinGuiIngame",
    "MixinGuiNewChat",
    "MixinGuiPlayerTabOverlay",
    "MixinGuiScreen",
    "MixinItemFood",
    "MixinItemRenderer",
    "MixinItemStack",
    "MixinKeyBinding",
    "MixinLayerBipedArmor",
    "MixinMinecraft",
    "MixinNettyCompressionDecoder",
    "MixinNetworkManager",
    "MixinPlayerControllerMP",
    "MixinRender",
    "MixinRenderGlobal",
    "MixinRenderLivingBase",
    "MixinRenderPlayer",
    "MixinVisGraph",
    "MixinWorld",
    "MixinNetHandlerPlayClient"
  ]
}
